VL2330VCN-PANASONIC,"9,00 € (67,81 kn)",VERTIKALNA PUNJIVA BAT 3V 50mA,10  - ima na lageru
VL2330F3N-PANASONIC,"9,00 € (67,81 kn)",VERTIKALNA PUNJIVA BAT 3V 50mA,13  - ima na lageru
VL2330-1HF-PANASONIC,"9,00 € (67,81 kn)",HORIZONTALNA LITHIUM PUNJIVA 3V 50mA,9  - ima na lageru
VL2020HFN-PANASONIC,"7,70 € (58,02 kn)",BATERIJA PUNJIVA LI-ION 3V 20mAH(20X2.7),7  - ima na lageru
VL1220VCN-PANASONIC,"5,97 € (44,98 kn)",BATERIJA PUNJIVA LI-ION 3V 7mAH(12.6X2.6,9  - ima na lageru
VL1220HFN-PANASONIC,"7,70 € (58,02 kn)",BATERIJA PUNJIVA LI-ION 3V 7mAH(12.6X2.6,31  - ima na lageru
VARTA-V80H,"2,79 € (21,02 kn)",PUNJIVA DUGMASTA BAT.1.2V 80mAh(15.4x5.8,3  - ima na lageru
VARTA-V74PX,"5,68 € (42,80 kn)",BATERIJA ALKALNA 15V 45mA(16x35mm),0  - pošalji upit
VARTA-V675AT,"2,65 € (19,97 kn)","ZINC-AIR (4=1BLSTER)1,4V",0  - pošalji upit
VARTA-V625U,"1,86 € (14,01 kn)",BATERIJA 1.5V 180mAh PHOTO(15.6X5.95)LR9,9  - ima na lageru
VARTA-V600HR,"5,31 € (40,01 kn)",ACCU NIMH V600HR 1.2V 600mAh 34x24x6.8,3  - ima na lageru
VARTA-V430V,"5,97 € (44,98 kn)",BATERIJA 6V  SA FEDERIMA,1  - ima na lageru
VARTA-V40H,"6,37 € (47,99 kn)","BATERIJA VARTA 1.24V 40 mAh(11,5X5,4mm)",3  - ima na lageru
VARTA-V4034PX,"5,04 € (37,97 kn)",BATTERY 6.0V 100mAh PHOTO(13X25.5mm),8  - ima na lageru
VARTA-V399,"2,10 € (15,82 kn)","BATTERY 1.55V 42mAh WATCH(9,5x2,7mm)",31  - ima na lageru
VARTA-V397,"1,46 € (11,00 kn)","BATERIJA 1.55V 30mAh WATCH(7,9X6mm)",17  - ima na lageru
VARTA-V396,"2,30 € (17,33 kn)","BATERIJA SILVER OXID 1.55V 30mAh(7,9x2,6",31  - ima na lageru
VARTA-V395,"1,59 € (11,98 kn)","BAT.SILVER OXID 1.55V 42mAh(9,5X2,7mm)",19  - ima na lageru
VARTA-V394,"2,52 € (18,99 kn)","BATERRY SILVER OXID 1.55V 67mAh(9,5X3,6m",26  - ima na lageru
VARTA-V393,"1,92 € (14,47 kn)",BATERIJA DUGMASTA SILVEROXID(7.9X5.4mm),5  - ima na lageru
VARTA-V392,"2,09 € (15,75 kn)","BATERIJA SILVER OXID 1.55V 38MAH(7,9X3,6",20  - ima na lageru
VARTA-V391,"2,81 € (21,17 kn)","BATTERIJA SILVER OXID 1.55V 43mAh(11,6X2",12  - ima na lageru
VARTA-V390,"1,66 € (12,51 kn)","BATTERY SILVER OXID1.55V 85mAh(11,6X3,05",3  - ima na lageru
VARTA-V389,"2,65 € (19,97 kn)","BATTERIJA SILVER OXID1.55V 85mAh(11,6X3,",19  - ima na lageru
VARTA-V386,"2,92 € (22,00 kn)","BATTERIJSILVER OXID 1.55V 120mAh(11,6X4,",2  - ima na lageru
VARTA-V384,"1,88 € (14,16 kn)","BATERIJA SILVER OXID1.55V 38MAH(7,9X3,6m",3  - ima na lageru
VARTA-V381,"1,59 € (11,98 kn)","BATTERY SILVER OXID 55V 45mAh( 1,6X2,1mm",7  - ima na lageru
VARTA-V379,"1,59 € (11,98 kn)","BATERIJA SILVER OXID 1,55V 14mAH(5,8X2,1",10  - ima na lageru
VARTA-V377,"1,59 € (11,98 kn)","BATERIJA SILVER OXID 1,55V 27mAh(9,5X2,1",54  - ima na lageru
VARTA-V373,"2,23 € (16,80 kn)","BATTERY SILVER OXID 1,55V 22MAH(7,9X2,6m",3  - ima na lageru
VARTA-V371,"1,59 € (11,98 kn)","BATERIJA SILVER OXID1,55V 32mAH(9,5X2,1m",28  - ima na lageru
VARTA-V364,"1,59 € (11,98 kn)","BATERRY SILVER OXID1.55V 16MAH(6,8X2,15)",21  - ima na lageru
VARTA-V362,"1,66 € (12,51 kn)","BATTERY SILVER OXID1.55V 18mA(7,9X2,1)",19  - ima na lageru
VARTA-V357,"3,38 € (25,47 kn)","BATERIJA SILVER OXID 1.55V 155mAh(11,6X5",29  - ima na lageru
VARTA-V321,"1,59 € (11,98 kn)","BATTERY SILVER OXID1.55V 11mAh(6,8X1,6mm",11  - ima na lageru
VARTA-V319,"1,59 € (11,98 kn)","BATTERY SILVER 1.55V 15mAh(5,8X2,7mm)",13  - ima na lageru
VARTA-V317,"2,65 € (19,97 kn)","BAT.DUGMASTA 1.55V 10.5mAh(5,8X1.6mm)",4  - ima na lageru
VARTA-V315,"2,65 € (19,97 kn)",BAT.DUGMASTA 1.55V 19mAh(7.9X1.5mm),9  - ima na lageru
VARTA-V28PXL,"8,76 € (66,00 kn)",BATERIJA LITIJEVA 6V(16X27),2  - ima na lageru
VARTA-V28PX,"8,68 € (65,40 kn)",BATERIJA LITIJEVA 3V(16X27),6  - ima na lageru
VARTA-V23GA,"1,60 € (12,06 kn)","BATERIJA 12V 33MAH ALKALNA(28,5X10,5mm)",7  - ima na lageru
VARTA-V13GA,"1,06 € (7,99 kn)","BATERIJA SILVER 1.5V 100mAh(11,6x5,4mm)",16  - ima na lageru
VARTA-V12GA,"1,19 € (8,97 kn)","BATTERY 1.5V 80mAh ALKALNA(11,6x3,05mm)",0  - pošalji upit
VARTA-V10GA,"1,06 € (7,99 kn)","BATERIJA 1.5V 50mAh ALKALNA(11,6x3,05mm)",0  - pošalji upit
VARTA-T343,"13,14 € (99,00 kn)",ACCU NiMH 3.6V 1100mAh,0  - pošalji upit
VARTA-R14/V,"2,12 € (15,97 kn)","BATERIJA ALKALNA 1.5V (C,LR14,R14)",21  - ima na lageru
VARTA-CRV3,"13,41 € (101,04 kn)","BATERIJA 3V 3,3AH(KAPACITET 920mAH)",1  - ima na lageru
VARTA-CRP2,"8,23 € (62,01 kn)",BATTERY 6V 1300mAh LITHIU,0  - pošalji upit
VARTA-CR2450V-3PIN,"4,25 € (32,02 kn)",VERTIKAL.BAT.DUGM. 3V 560mAH(24.7X5),21  - ima na lageru
VARTA-CR2450P,"5,47 € (41,21 kn)",BATERIJA 3V 560mAh PRINT,0  - pošalji upit
VARTA-CR2450H-3PIN,"4,25 € (32,02 kn)",HORIZONTAL BAT.DUGM. 3V 560mAH(24.7X5),0  - pošalji upit
VARTA-CR2450H-2PIN,"4,25 € (32,02 kn)",HORIZONTAL BAT.DUGM. 3V 560mAH(24.7X5),9  - ima na lageru
VARTA-CR2450,"3,19 € (24,04 kn)","BATERIJA LITIJEVA 3V 560mAh(24,7X5mm)",22  - ima na lageru
VARTA-CR2430P,"3,05 € (22,98 kn)",BATERIJA LITHIUM3V 280mAH SA PUNKT. IZVO,0  - pošalji upit
VARTA-CR2430,"1,92 € (14,47 kn)",BATERIJA 3V 500mAH LITHIUM-DUGMASTA,2  - ima na lageru
VARTA-CR2320,"3,38 € (25,47 kn)",BATERIJA 3V 135MmAh LITHIUM,0  - pošalji upit
VARTA-CR2050P,"0,00 € (0,00 kn)",,0  - pošalji upit
VARTA-CR2032V-3PIN,"2,52 € (18,99 kn)",BATERIJA 3V 180mAh SA IZVODIMA,0  - pošalji upit
VARTA-CR2032L,"5,47 € (41,21 kn)",BATERIJA 3V 180mAh AXIAL,0  - pošalji upit
VARTA-CR2032H-2PIN,"1,59 € (11,98 kn)",BATERIJA DUGMASTA 3V 2 PIN (20x3.2) HORI,17  - ima na lageru
VARTA-CR2032,"1,33 € (10,02 kn)",BATERIJA 3V 230mAH/LITHIUM,145  - ima na lageru
VARTA-CR2025-HOR-3PIN,"2,39 € (18,01 kn)",BATERIJA LITIJEVA 3V 140mAh 3 PIN,14  - ima na lageru
VARTA-CR2025,"1,33 € (10,02 kn)",BATERIJA LITIJEVA /3V/170mAH-DUGMASTA,233  - ima na lageru
VARTA-CR2016,"1,46 € (11,00 kn)","BATERIJA 3V 80mAh LITHIUM(20x1,6mm)",216  - ima na lageru
VARTA-CR2,"7,54 € (56,81 kn)",LITHIUM BATTERY 3V,0  - pošalji upit
VARTA-CR1632,"2,26 € (17,03 kn)",BATERIJA 3V 125mmAh LITHIUM(16x3.2mm),0  - pošalji upit
VARTA-CR1620,"1,88 € (14,16 kn)",BATERIJA DUGMASTA Li-3V 60mAh(16x2),114  - ima na lageru
VARTA-CR1616,"1,99 € (14,99 kn)","BATERIJA-3V 50MAH LITHIUM(16X1,6mm)",15  - ima na lageru
VARTA-CR123A,"5,44 € (40,99 kn)",BATT.3V 1300MAH LITHIUM,0  - pošalji upit
VARTA-CR1225,"0,00 € (0,00 kn)","BATERIJA DUGMASTA 3V 35mAH(12,5X2mm)",0  - pošalji upit
VARTA-CR1220,"2,30 € (17,33 kn)","BATERIJA DUGMASTA 3V 35mAH(12,5X2mm)",27  - ima na lageru
VARTA-CR1216,"3,32 € (25,01 kn)",BATERIJA-3V 25MAH LITHIUM,19  - ima na lageru
VARTA-CR1/3N,"5,31 € (40,01 kn)","BATERIJA 3V 170mAh LITHIUM(11,6X10,8)",2  - ima na lageru
VARTA-CR(AA)-ST,"11,93 € (89,89 kn)",BAT.3V LITHIUM (AA) SA LISTIĆIMA (14.7x5,4  - ima na lageru
VARTA-56703B,"3,19 € (24,04 kn)","BATERIJA-AAA(R3)-NI-MH 1,2V 800mAH",0  - pošalji upit
VARTA-520RS,"6,37 € (47,99 kn)",BATERIJA-NICD  1V2 520mAh,0  - pošalji upit
VARTA-4122,"2,99 € (22,53 kn)",PROFI INDUSTRIJSKA ALKALNA BATERIJA 9V 6,48  - ima na lageru
VARTA-3712,"0,00 € (0,00 kn)",BATERIJA 4.5V PLOSNATA,0  - pošalji upit
VARTA-2CR5,"0,00 € (0,00 kn)",BATERIJA LITIJEVA 2CR5 6V 1500mA,0  - pošalji upit
V5GA,"1,06 € (7,99 kn)",BATERIJAAG5,0  - pošalji upit
V4GA,"1,06 € (7,99 kn)",BATERIJA=AG4,15  - ima na lageru
V3GA,"1,06 € (7,99 kn)",BATERIJA=AG3,55  - ima na lageru
V1GA,"1,06 € (7,99 kn)","BATERIJA DUGMASTA 1.55V-20mAH(6,8X2,15mm",50  - ima na lageru
V13GA,"1,08 € (8,14 kn)",BATERIJA=LR44=357=G13=A76,8  - ima na lageru
RAY-675-SET-RAYOVAC,"4,25 € (32,02 kn)",BATERIJA=VARTA-V675AT,7  - ima na lageru
RAY-312-SET-RAYOVAC,"4,25 € (32,02 kn)","SET BATERIJA(6kom)(ZnO2) 1,4V,AC312,R36",31  - ima na lageru
RAY-13-SET-RAYOVAC,"4,25 € (32,02 kn)","SET BATERIJA(6kom)(ZnO2) 1,4V,AC13,R754",28  - ima na lageru
RAY-10-SET-RAYOVAC,"5,04 € (37,97 kn)",BATERIJA ZINC-AIR 1.4V AC10 R536 (5.8x3.,2  - ima na lageru
PUNJAČ-VC8,"73,25 € (551,90 kn)","PUNJAČ BATERIJA  Li-Ion,Ni-Cd,Ni-MH",0  - pošalji upit
PUNJAČ-18650/4X,"15,93 € (120,02 kn)",PUNJAČ LI-ION BAT.18650(1-4KOM),4  - ima na lageru
PUNJAČ-18650/1X,"11,02 € (83,03 kn)",PUNJAČ LI-ION BAT.18650(1KOM),0  - pošalji upit
PUNJAČ LI-ION-CR123-2X,"44,65 € (336,42 kn)",PUNJAČ BATERIJA+ACCU 2XCR123LI-ION,2  - ima na lageru
PUNJAČ LI-ION BAT-XTAR-MC2,"15,93 € (120,02 kn)",PUNJAČ LI ION BATERIJA 0.5A,2  - ima na lageru
PUNJAČ BAT-NIMH-4,"8,72 € (65,70 kn)","PUNJAČ NIMH BATERIJA AA, AAA 4 KOM BRZI",1  - ima na lageru
PUNJAČ BAT-MWU1269GS,"7,70 € (58,02 kn)",PUNJAČ BATERIJA 4XAA/4XAAA,1  - ima na lageru
PUNJAČ BAT-ARC2009,"8,30 € (62,54 kn)",PUNJAČ BATERIJA NIMH-NICD AA/AAA,1  - ima na lageru
PUNJAČ BAT-ACCUMASTERC5/P,"23,23 € (175,03 kn)",PUNJAČ BATERIJA 4xAA/4xAAA/4xR14/4xR20/4,2  - ima na lageru
PUNJAČ BAT-A636,"7,30 € (55,00 kn)",PUNJAČ BATERIJA  NI-CD/MH-AAA/AA/9V,4  - ima na lageru
PUNJAČ ACCU-2.2-10AH,"18,58 € (139,99 kn)","PUNJAČ BATERIJA OLOVNIH 2/6/12V  2,2-10A",0  - pošalji upit
PUNJAČ ACCU-1.2-12AH-CELL,"19,91 € (150,01 kn)",PUNJAČ OLOVNIH BATERIJA 12V 4-12AH,4  - ima na lageru
PUNJAČ ACCU-1.2-120AH(6-12V),"26,54 € (199,97 kn)",INTELIGENTNI PUNJAČ OLOVNIH BATERIJA,0  - pošalji upit
PUNJAČ 58.8V 2A 120W-XLR(Ž),"60,00 € (452,07 kn)",ISPR. PUNJAČ LI-ION 58.8V 2A 120W XLR(Ž),1  - ima na lageru
PUNJAČ 58.8V 2A 120W-XLR(M),"60,00 € (452,07 kn)",ISPR. PUNJAČ LI-ION 58.8V 2A 120W XLR(M),1  - ima na lageru
PUNJAČ 54.6V 3A 180W,"60,00 € (452,07 kn)",ISPRAVLJAČ PUNJAČ LI-ION 54.6V 3A 180W R,2  - ima na lageru
POWER BANK-PB1,"13,27 € (99,98 kn)",PRIJENOSNI PUNJAČ USB 7200mAh,0  - pošalji upit
NIMH-VR011,"2,50 € (18,84 kn)",ACCU 1.2V 300mAH(14X16.5),0  - pošalji upit
NIMH-R6/850-TECXUS,"0,00 € (0,00 kn)",ACCU NIMH AA 850MAH,0  - pošalji upit
NIMH-R6/3-2100MA,"14,27 € (107,52 kn)","ACCU-NIMH BLOK AA 3,6V 2100MAH SA UŠICAM",4  - ima na lageru
NIMH-R6/3,"6,57 € (49,50 kn)","ACCU-NIMH BLOK AA 3,6V 600MAH SA IZVODIM",2  - ima na lageru
NIMH-R6/2700-TEXUS(NOSIĆ),"4,65 € (35,04 kn)","ACCU NIMH AA 1.2V 2700mAH(Fi14,5X50,5mm)",0  - pošalji upit
NIMH-R6/2700-GP(NOSIĆ),"5,24 € (39,48 kn)","ACCU NIMH AA 1.2V 2700mAH(14,5X50,5mm)",0  - pošalji upit
NIMH-R6/2600-VARTA(NOSIĆ),"5,90 € (44,45 kn)","ACCU NIMH AA 1.2V 2600mAH(14,5X50,5mm)",66  - ima na lageru
NIMH-R6/23,"4,71 € (35,49 kn)",NI-MH 1V2 AA 2300MAH 4/BLS,0  - pošalji upit
NIMH-R6/2200W-JJJ,"5,58 € (42,04 kn)",ACCU NI-MH AA 1.2V 2200mAh SA IZVODIMA,0  - pošalji upit
NIMH-R6/2200-GP,"3,72 € (28,03 kn)",ACCU NI-MH AA 1.2V 2200mAh-BEZ IZVODA,1  - ima na lageru
NIMH-R6/2100-VARTA(NOSIĆ),"3,72 € (28,03 kn)",ACCU NI-MH AA 1.2V 2100mAH SA NOSIĆEM,153  - ima na lageru
NIMH-R6/2100-GP,"3,72 € (28,03 kn)",ACCU NI-MH AA 1.2V 2100mAH SA NOSIĆEM,2  - ima na lageru
NIMH-R6/1300-VARTA,"4,59 € (34,58 kn)","ACCU NIMH 1,2V 1300mAh,LOW+",1  - ima na lageru
NIMH-R3/850-BYD,"2,32 € (17,48 kn)",ACCU  1.2V 850mAh BEZ IZVODA-NOSIĆ,9  - ima na lageru
NIMH-R3/800-W-BYD,"2,65 € (19,97 kn)",INDUSTR.ACCU  1.2V 800mAh AAA SA IZVODIM,36  - ima na lageru
NIMH-R3/800-VARTA,"4,08 € (30,74 kn)",ACCU NIMH AAA 1.2V 700mAH,80  - ima na lageru
NIMH-R3/1100-TECXUS,"3,32 € (25,01 kn)",ACCU NI-MH 1.2V 1100mAh(10.5X44.5),0  - pošalji upit
NIMH-R3/1000-GP,"3,32 € (25,01 kn)",BATERIJA PUNJIVA NIMH AAA 1.2V 1000mAH,0  - pošalji upit
NIMH-R3(2X650MA),"5,69 € (42,87 kn)",ACCU 2.4V 650mAH(40X20X10)+KONEKTOR,12  - ima na lageru
NIMH-R22/280-TECXUS,"15,49 € (116,71 kn)",NIMH-ACCU(6F22) 8.4V 280mAH,0  - pošalji upit
NIMH-R20-9AH-TECXUS,"18,18 € (136,98 kn)",ACCU NI-MH 1.2V 9000mAH R20 SA LISTIĆIMA,38  - ima na lageru
NIMH-R20-9AH,"12,61 € (95,01 kn)","ACCU NIMH 1V2 9000mAH """"D""""",2  - ima na lageru
NIMH-R20-10AH-TECXUS,"19,33 € (145,64 kn)","ACCU-NIMH 1,2V 10Ah(R20)(D)",2  - ima na lageru
NIMH-R20,"13,01 € (98,02 kn)",ACCU NI-MH 1V2 10000mAh EUROPOWER,0  - pošalji upit
NIMH-R2/3(AA),"3,72 € (28,03 kn)",ACCU NIMH 2/3AA 1.2V 650mAH(14.5x30mm),3  - ima na lageru
NIMH-R14Z/3000W-PANASONIC,"10,62 € (80,02 kn)",NIMH IND.BATIJA  R14 1.2V 3000mAH,2  - ima na lageru
NIMH-R14/3000-GP,"7,38 € (55,60 kn)","ACCU NiMH; 1.2V 3000mAh; SIZE """"C""""",2  - ima na lageru
NIMH-R14/2500W-HQ,"6,00 € (45,21 kn)",ACCU-NiMh 1V2 2500mAh SA UŠICAMA,10  - ima na lageru
NIMH-R-H,"5,97 € (44,98 kn)",ACCU  1.2V 2500mAh - H ( 50x17 ) - SERIJ,8  - ima na lageru
NIMH-90/1,"6,37 € (47,99 kn)","ACCU 3,6V 300mAh+IZVODI(14.1mmx49.6)",18  - ima na lageru
NIMH-80/3-GP,"2,90 € (21,85 kn)",2pin-ACCU 3.6V 80mAh; 2 PIN NIMH(16X18mm,129  - ima na lageru
NIMH-80/2-VARTA,"0,00 € (0,00 kn)","ACCU-NIMH- 2,4V 80mAH(Fi16x12mm)",0  - pošalji upit
NIMH-80/2(3PIN)-FUJI,"3,32 € (25,01 kn)","ACCU-NIMH- 2,4V 80mAh/80mAH(Fi16x12mm)",0  - pošalji upit
NIMH-75AAH-GP,"4,21 € (31,72 kn)","ACCU-NIMH 2/3AA 750mAH(14.5x28,7mm)",14  - ima na lageru
NIMH-600/3,"6,07 € (45,73 kn)",ACCU-NI-MH 3.6V 600MAH(2/3AA),5  - ima na lageru
NIMH-60/4,"5,97 € (44,98 kn)","ACCU-NIMH 4,8V 60mA(16X24)",0  - pošalji upit
NIMH-60/3,"4,91 € (36,99 kn)",ACCU 3V6 60mAh 3 pin(16X12mm),0  - pošalji upit
NIMH-60,"2,55 € (19,21 kn)",ACCU 1.2V 60mAh,0  - pošalji upit
NIMH-55110,"1,99 € (14,99 kn)",ACCU-1.2V/1100mA,1  - ima na lageru
NIMH-520RS,"2,92 € (22,00 kn)",ACCU NiMH 1.2V 1000mAH-IZVODI(17X28),2  - ima na lageru
NIMH-5003U,"2,39 € (18,01 kn)",BATERIJA-AAA 1V2 800MAH NIMH+IZVODI,3  - ima na lageru
NIMH-4/5SC-1.2V 2200MA,"4,15 € (31,27 kn)",ACCU NiMH 1.2V 2200mAh - 4/5SC,0  - pošalji upit
NIMH-4/5AA-1350-GP,"3,54 € (26,67 kn)",ACCU- NI-MH 1.2V 1350mAh 4/5AA+UŠICE,3  - ima na lageru
NIMH-4/5A-VARTA,"6,24 € (47,02 kn)",ACCU NiMH 1.2V 2100mAh - 4/5A - LEMNE UŠ,0  - pošalji upit
NIMH-4/5A-CD,"5,97 € (44,98 kn)",ACCU NIMH 1.2V 2000mAH 4/5A,3  - ima na lageru
NIMH-4/3A-4500MA-10.8V-GP,"140,97 € (1.062,14 kn)",BATERIJSKI SKLOP 9.6V,1  - ima na lageru
NIMH-4/3A-4500MA-1.2V-GP,"9,66 € (72,78 kn)",ACCU NIMH 4/3A 1.2V 4500mAh(18x67mm),13  - ima na lageru
NIMH-4/3A-4300MA-6V-GP,"61,56 € (463,82 kn)",BLOK BATERIJA 6V 4300MAH(5 BATERIJA),2  - ima na lageru
NIMH-4/3A-3800-PANASONIC,"9,66 € (72,78 kn)",ACCU NIMH 4/3A 3800mAh 17x67mm,4  - ima na lageru
NIMH-3RSH1.3,"15,88 € (119,65 kn)",BATERIJA 3V6 2400mA NIMH,0  - pošalji upit
NIMH-35F6,"15,00 € (113,02 kn)",BATERIJA PUNJIVA 2.4V 500mAh,0  - pošalji upit
NIMH-3000/1-SC-INDUSTRIAL,"6,18 € (46,56 kn)",ACCU(SC)=1.2V 3000mAH(23x43mm),0  - pošalji upit
NIMH-300/3-GP,"5,97 € (44,98 kn)",ACCU 3.6V 300mAh NIMH (2/3AA),0  - pošalji upit
NIMH-2VR011,"6,28 € (47,32 kn)",ACCU 2.4V 300mAh,2  - ima na lageru
NIMH-2800/1-SC-INDUSTRIJSKA,"4,21 € (31,72 kn)",ACCU1.2V 2800mAH(23X43mm)(R14),0  - pošalji upit
NIMH-280/4,"7,96 € (59,97 kn)",ACCU-NIMH 4V8 280mAh,1  - ima na lageru
NIMH-2400/2,"9,45 € (71,20 kn)","ACCU(SC) NIMH 2V4 2400MAH(DIM22X88,5mm)",0  - pošalji upit
NIMH-2400/1,"5,38 € (40,54 kn)","ACCU(SC)NIMH 1V2 2400MAH(DIM22X43,1)",0  - pošalji upit
NIMH-2000/1-SC-INDUSTRIJSKA,"7,13 € (53,72 kn)","ACCU(C=R14)1,2V 2000mAH(23X43mm)",2  - ima na lageru
NIMH-2000/1(4/5SC)-INDUSTRIJSK,"5,00 € (37,67 kn)",ACCU(4/5SC) NI-MH 1.2V 2000mAH(23x34mm),31  - ima na lageru
NIMH-2/3AAA-300MA,"2,01 € (15,14 kn)",ACCU NIMH 2/3AAA 1.2V 300mAH,3  - ima na lageru
NIMH-170/3,"9,09 € (68,49 kn)",ACCU NIMH 3.6V 170mAh,0  - pošalji upit
NIMH-170/2,"2,65 € (19,97 kn)",ACCU NIMH 2.4V 170mAh,0  - pošalji upit
NIMH-150/3MEM-VARTA,"19,24 € (144,96 kn)",ACCU NIMH 3.6V 150mAh(40x22x16mm),6  - ima na lageru
NIMH-15/3-VARTA,"0,00 € (0,00 kn)",NI-MH-BATERIJA 3.6V 15MA(12.4x10mm)-3pin,0  - pošalji upit
NIMH-15/1-VARTA,"3,45 € (25,99 kn)","NI-MH-BATERIJA 1,2V 15MA(11.5X3mm)",10  - ima na lageru
NIMH-103,"5,84 € (44,00 kn)",NIMH-BACKUP ACCU 3V6 140mAh,0  - pošalji upit
NIMH-102-VARTA,"8,62 € (64,95 kn)",ACCU 2V4 140mAh 3PIN 26.5x15x12mm,2  - ima na lageru
NIMH-1/3AAA-170-GP,"2,99 € (22,53 kn)",ACCU NI-MH 1.2V 170mAh,6  - ima na lageru
NIMH-1/2AAA-350MA-GP,"3,60 € (27,12 kn)",ACCU BATERIJA NIMH 1/2AAA 1.2V 350mAH,4  - ima na lageru
NIMH-(AAAA)-300MA-GP,"4,98 € (37,52 kn)",NIMH BATERIJA AAAA 3000mAH PUNJIVA,4  - ima na lageru
NICD-R6UW-1.2V 940MA,"4,67 € (35,19 kn)",ACCU-NiCd 1.2V 940mAh (SA UŠICAMA),1  - ima na lageru
NICD-R6/900,"2,12 € (15,97 kn)",ACCU-NICD AA 1V2 900MAH,0  - pošalji upit
NICD-R6/6,"8,89 € (66,98 kn)",ACCU= NICD-R6/6-VAR,0  - pošalji upit
NICD-R6/5,"8,36 € (62,99 kn)",NiCd ACCU 6V 600mAh,0  - pošalji upit
NICD-R6/4-940MA,"14,18 € (106,84 kn)",ACCU BATERIJA NI-Cd AA 4.8V 940mAh(58X50,7  - ima na lageru
NICD-R6/4,"6,37 € (47,99 kn)",ACCU 4V8 600mAh,0  - pošalji upit
NICD-R6/3,"10,75 € (81,00 kn)","ACCU NI-CD AA 3,6V 2100mAh(44X50X15)",0  - pošalji upit
NICD-R3,"1,59 € (11,98 kn)",ACCU-NiCd RC3/AAA 1V2 240mAh-LR3,3  - ima na lageru
NICD-R20-4000,"9,76 € (73,54 kn)","ACCU 1V2 4000mAH R20 """"D""""",0  - pošalji upit
NICD-R14Z,"2,92 € (22,00 kn)",ACCU-NiCd 1V2 1200mAh SA UŠICAMA,0  - pošalji upit
NICD-R14,"3,70 € (27,88 kn)",ACCU 1V2 2500mAh(48x25 ),1  - ima na lageru
NICD-8XD5000-INDUSTRIJSKA,"66,36 € (499,99 kn)",ACCU NI-CD 9.6V 5000mAh ( 8x1.2V D5000),0  - pošalji upit
NICD-700(2/3AA)-INDUSTRIJSKA,"4,37 € (32,93 kn)",ACCU-NI-CD 1.2V 700mA(14.5x33.5),0  - pošalji upit
NICD-60/3,"3,32 € (25,01 kn)",ACCU-NICD 3.6V 60mAh,0  - pošalji upit
NICD-400/4,"8,69 € (65,47 kn)",ACCU 4V8 400mAh,1  - ima na lageru
NICD-2500-SC-SANYO,"7,70 € (58,02 kn)",tranzistor,0  - pošalji upit
NICD-2000(4/5A),"4,30 € (32,40 kn)",BATERIJA NI-CD 1.2V 2000mA,19  - ima na lageru
NICD-1900/1-SC-INDUSTRIJSKA,"4,30 € (32,40 kn)","ACCU(SC)-NICD1,2V 1900mAH (22X43mm)",1  - ima na lageru
NICD-1700/1-SC-INDUSTRIJSKA,"3,83 € (28,86 kn)","ACCU(SC)-NICD 1V2 1700MAH(DIM22X43,1)",0  - pošalji upit
NICD-1400(4/5SC)-BYD,"3,58 € (26,97 kn)",ACCU-NICD(4/5SC) 1400mAh,31  - ima na lageru
NICD-1200/1(4/5SC),"3,32 € (25,01 kn)",ACCU(4/5SC)-NICD 1.2V 1200mAh,4  - ima na lageru
MW3288GS-MINWA,"9,42 € (70,97 kn)","PUNJAČ BATERIJA AA/AAA NiCd,NiMh",0  - pošalji upit
MW126C18GS-MIMWA,"19,24 € (144,96 kn)",PUNJAČ BATERIJA 6V-12V 1.8Ah,1  - ima na lageru
LI6/1800,"10,22 € (77,00 kn)",BATERIJA-LITHIUM 3V6 1800mAh,0  - pošalji upit
LI-D3V6-FUJICELL,"16,19 € (121,98 kn)",LI-ION BATERIJA 3.6V - ER34615=LR1865SF,0  - pošalji upit
L1154,"0,00 € (0,00 kn)",,0  - pošalji upit
L1142,"0,00 € (0,00 kn)",,0  - pošalji upit
ISPRAVLJAČ 4.2V+5.2V,"8,63 € (65,02 kn)",PUNJAČ LI-ION BAT.4.2V 600mA+USB 5.2V 12,10  - ima na lageru
INSTRUMENT-ACCUMASTERC5,"333,72 € (2.514,41 kn)","TESTER BATERIJA LI-ION,NI-CD,NI-MH",1  - ima na lageru
HQ-NIMH-R6/28,"3,92 € (29,54 kn)",NIMH 1V2 AA 2800MAH 4/BLS,0  - pošalji upit
HQ-NIMH-R6/27,"4,51 € (33,98 kn)",NIMH 1V2 AA 2700MAH 4/BLS,0  - pošalji upit
HQ-NIMH-R20,"6,78 € (51,08 kn)",NIMH 1V2 HQ 4000MAH,2  - ima na lageru
HQ-NIMH-R14,"11,61 € (87,48 kn)",NIMH 1V2(D=R14) 4000MAH 2/BLS,3  - ima na lageru
HQ-NIMH-D-01,"13,56 € (102,17 kn)",ACCU-2 kom.HQ NIMH 1.2V 2800MAH 2XD,0  - pošalji upit
HQ-CHARGER82,"12,33 € (92,90 kn)",NICD/NIMH PUNJAČ BATERIJA,1  - ima na lageru
GP11A,"1,99 € (14,99 kn)",ALKALNA BATERIJA 6V 33mAh,2  - ima na lageru
ELEKTRONIKA 18650-7.4V 3A,"3,19 € (24,04 kn)",MODUL PUNJENJA BATERIJE 18650 7.4V 3A 2X,6  - ima na lageru
ELEKTRONIKA 18650-3.7V 3A,"2,39 € (18,01 kn)","MODUL PUNJENJA BATERIJE 18650,3.7V 3A",3  - ima na lageru
CX921,"0,00 € (0,00 kn)",,0  - pošalji upit
CRV3-PANASONIC,"0,00 € (0,00 kn)",BATERIJA LITHIUM 3V FOTO,0  - pošalji upit
CRP2-TECXUS,"7,90 € (59,52 kn)",BATERIJA CRP2 6V,0  - pošalji upit
CRP2-PANASONIC,"7,90 € (59,52 kn)",BATERIJA  LITHIUM 6V 1300MAH,0  - pošalji upit
CRP2-GP,"11,89 € (89,59 kn)",BATERIJA LITIJEVA DL223A 6V CR-P2 FOTO,1  - ima na lageru
CRP2,"6,51 € (49,05 kn)",BATERIJA 6V 1300MAH LITHIUM,0  - pošalji upit
CR927-3V,"2,77 € (20,87 kn)","BATERIJA LITIUM 3V(9.5X2,5mm)",0  - pošalji upit
CR3032-GMB,"4,25 € (32,02 kn)",BATERIJA LITHIUM 3V 500mAh(30X3.2),37  - ima na lageru
CR2477N-RENATA,"5,23 € (39,41 kn)",BATERIJA LITHIUM 3V 950mAh,37  - ima na lageru
CR2477N-PCB/RN-RENATA,"5,57 € (41,97 kn)",(3PIN)-BATERIJA LITHIUM 3V  950mAH,15  - ima na lageru
CR2477N-PCB/NF-RENATA(SWIS),"6,22 € (46,86 kn)",(2PIN)BATERIJA LITHIUM 3V P50mAH,39  - ima na lageru
CR2477-PANASONIC,"3,88 € (29,23 kn)",BATERIJA LITHIUM 3V  950mAH,16  - ima na lageru
CR2450N-RENATA,"4,04 € (30,44 kn)",BATERIJA LITIJEVA 3V 540mAh(24X5mm),20  - ima na lageru
CR2450H-3PIN-PANASONIC,"4,25 € (32,02 kn)",HORIZONTALNA BATERIJA LITIJEVA 3V 620mAh,24  - ima na lageru
CR2450-GP,"2,65 € (19,97 kn)","BATERIJA LITIJEVA 3V 560mAh(24,7X5mm)",0  - pošalji upit
CR2430P,"2,16 € (16,27 kn)",BATERIJA LITHIUM 3v 270mAh(24X3mm),1066  - ima na lageru
CR2430-GP,"2,15 € (16,20 kn)",BATERIJA LITHIUM 3v 270mAh(24X3mm),0  - pošalji upit
CR2430,"1,33 € (10,02 kn)",BATERIJA LITHIUM 3V(24X3mm),2  - ima na lageru
CR2420,"0,00 € (0,00 kn)",LI-ON BATERIJA,0  - pošalji upit
CR2354-PANASONIC,"3,37 € (25,39 kn)",BATERIJA LITHIUM 3V 360mAH(23X5.4mm),32  - ima na lageru
CR2330-PANASONIC,"3,45 € (25,99 kn)",BATERIJA LITHIUM 3V 265mAh,31  - ima na lageru
CR2325-RENATA,"3,54 € (26,67 kn)",BATERIJA 3V 160mA LITHIUM MANGAN,6  - ima na lageru
CR2320,"1,06 € (7,99 kn)",BATERIJA LITHIUM 3V 130mA  23x2mm,12  - ima na lageru
CR2032V/3-VARTA,"2,26 € (17,03 kn)",BATERIJA VERTIKAL DUGMASTA 3V(20x3.2),0  - pošalji upit
CR2032V/3-MITSUBISCHI,"2,30 € (17,33 kn)",BATERIJA-VERTIKAL DUGMASTA 3V 210mA(3PIN,26  - ima na lageru
CR2032H/3-VARTA,"2,12 € (15,97 kn)",BATERIJA HORIZONT. 3V; 3 PIN; (20x3.2),19  - ima na lageru
CR2032H/3-MITSUBISCHI,"1,33 € (10,02 kn)",BATERIJA-DUGMASTA 3V 210mA(3PIN),79  - ima na lageru
CR2032H/2-VARTA,"2,12 € (15,97 kn)",BATERIJA LITIJEVA 3V 2PIN (20x3.2mm),11  - ima na lageru
CR2032-GP,"1,33 € (10,02 kn)",BATERIJA LITHIUM CR2032 GP,0  - pošalji upit
CR2025-GP,"1,33 € (10,02 kn)",BATERIJA DUGMASTA LITHIUM 3V,1  - ima na lageru
CR2025,"1,06 € (7,99 kn)",BATERIJA LITHIUM 3V,82  - ima na lageru
CR2016-GP,"0,00 € (0,00 kn)",BATERIJA 3V 80mAh LITHIUM (20x1.6mm),0  - pošalji upit
CR2016-ENERGIZER,"5,19 € (39,10 kn)","BATERIJA 3V 80mAh LITHIUM(20x1,6mm)",14  - ima na lageru
CR2012-ENERGIZER,"5,19 € (39,10 kn)",BATERIJA DUGMASTA 3V 58mA,0  - pošalji upit
CR2-TECXUS(CH),"3,32 € (25,01 kn)",BATERIJA LITIJEVA 3V(16X27),0  - pošalji upit
CR2-PANASONIC,"5,20 € (39,18 kn)",BATERIJA LITIJEVA 3V(16X27),27  - ima na lageru
CR17335SE(3V)-FDK,"9,69 € (73,01 kn)",BATERIJA LITIJEVA 3V 1800mA(2/3AA)(17x33,5  - ima na lageru
CR1632-RENATA,"2,60 € (19,59 kn)",BATERIJA 3V 125mAh LITHIUM(16x3.2mm),21  - ima na lageru
CR1632-GP,"1,90 € (14,32 kn)",BATERIJA LITHIUM 1632 GP,12  - ima na lageru
CR1620-GP,"1,77 € (13,34 kn)",DUGMASTA BATERIJA 3V 60mAh LITHIUM,0  - pošalji upit
CR1616-GP,"1,53 € (11,53 kn)","BATERIJA LITIJEVA3V 55mA(16X1,4mm)",30  - ima na lageru
CR123A/V-PANASONIC,"5,00 € (37,67 kn)",BATERIJA LITHIUM 3V(17X34.2mm),2  - ima na lageru
CR123A-TECXUS(GERMANY),"4,11 € (30,97 kn)",LITIJEVA BATERIJA 3V(17X34),0  - pošalji upit
CR123A-DURACELL,"6,11 € (46,04 kn)",BATERIJA LITIJ 3V R123 (17X34),0  - pošalji upit
CR123-GP,"4,65 € (35,04 kn)",BATERIJA LITHIUM 3V PHOTO (17X34),0  - pošalji upit
CR123-ENERGIZER(CH),"3,75 € (28,25 kn)","BATERIJA LITHIUM 3V PHOTO(17X34,2)",0  - pošalji upit
CR1225-RENATA(CH),"2,50 € (18,84 kn)",LITHIUM BATERIJA,1  - ima na lageru
CR1220-GP,"1,59 € (11,98 kn)",BATERIJA LITHIUM 3V 35mA(12X2mm),1  - ima na lageru
CR1216-RENATA,"1,99 € (14,99 kn)",BATERIJA CR1216 3V (12.5x1.6) 30mA,1  - ima na lageru
CR1216-MAXELL,"3,32 € (25,01 kn)",BATERIJA LITHIUM CR1216 3V (12.5x1.6),2  - ima na lageru
CR1216-GP,"2,92 € (22,00 kn)",BATERIJA LITIJ CR1216 3V,10  - ima na lageru
CR1216-ENERGIZER,"1,59 € (11,98 kn)",BATERIJA LITIJEVA CR1620 (12x1.6),27  - ima na lageru
CR1216,"1,06 € (7,99 kn)",BATERIJA LITHIUM,84  - ima na lageru
CR1025-RENATA,"3,82 € (28,78 kn)",BATERIJA LITHIUM 3V CR1025,9  - ima na lageru
CR1/3N-FDK,"6,29 € (47,39 kn)",BAT.LITHIUM 3V 1/3N(Fi11.6x10.8mm),0  - pošalji upit
CR1/3N-DURACELL,"9,29 € (70,00 kn)",BAT.LITHIUM 3V 1/3N(Fi11.6x10.8mm),1  - ima na lageru
CEL.B-LI40B,"18,58 € (139,99 kn)",BATERIJA LI-ION 3.7V 700mAh 2.6W,0  - pošalji upit
CEL.B-LG-KP100,"12,61 € (95,01 kn)",BATERIJA ZA LG MOBITELE (KP100),1  - ima na lageru
CEL.B-LG G3/8BL53,"13,27 € (99,98 kn)",BATERIJA ZA LG G3 BL-53YH,1  - ima na lageru
CEL.B-I900,"12,61 € (95,01 kn)",ACCU LI-ION BATERIJA SAMSUNG I900,1  - ima na lageru
CEL.B-G800F,"19,91 € (150,01 kn)","BATERIJA ZA SAMSUNG S5 MINI, G800F",1  - ima na lageru
CEL.B-G531,"11,95 € (90,04 kn)","BATERIJA ZA SAMSUNG G530, G531,J5,J3",0  - pošalji upit
CAMC.U1,"22,56 € (169,98 kn)",BATERIJA-CAMC.ACCU UNIVERSAL 6V 1.8AH,1  - ima na lageru
CAMC.SMBL110-A,"28,54 € (215,03 kn)",ACCU-7V4 1400MAH SAMS.S-BL110,1  - ima na lageru
CAMC.NVS1,"29,34 € (221,06 kn)",BATERICA CAMCCORDER,2  - ima na lageru
CAMC.NP77,"49,87 € (375,75 kn)",BATERIJA-NICD ACCU 6V 2600MAH,1  - ima na lageru
CAMC.NP550,"42,70 € (321,72 kn)",LITH.ION BATT.7V2 SONY 1850mAh,1  - ima na lageru
CAMC.JB962NM,"50,78 € (382,60 kn)",BATERIJA  9.6V  2100mAh,1  - ima na lageru
CAMC.HB522,"51,33 € (386,75 kn)",ACCU 12V 1500mAH,1  - ima na lageru
CAMC.DVBP120-A,"25,15 € (189,49 kn)",BATERIJA-7V2 1100MAH PANAS.CGR-D12,2  - ima na lageru
CAMC.CA927,"45,92 € (345,98 kn)","ACCU LI-ON 7,2V 3700mAH",2  - ima na lageru
CAMC.CA77SNM,"37,14 € (279,83 kn)",NIMH 6V 2100MAH,1  - ima na lageru
CAMC.CA77,"36,53 € (275,24 kn)",CAMCORDER ACCU-NICD-6V-1800mAh,1  - ima na lageru
CAMC.CA72067-AS,"18,58 € (139,99 kn)",ACCU-LI-ION-7.4V 750mAh,1  - ima na lageru
"CAMC.ACCU 3,7V 1090MA","16,59 € (125,00 kn)",ACCU BAT. 3.7V 1090mAh,1  - ima na lageru
BR2325-PANASONIC,"4,78 € (36,01 kn)","BATERIJA 3V 165mA LITHIUM(23X2,5mm)",7  - ima na lageru
BR1225V/2-PANASONIC,"4,12 € (31,04 kn)",BATERIJA-VERTIKAL 3V 48mA+IZVODI(2PIN),2  - ima na lageru
BR1225-PANASONIC,"1,99 € (14,99 kn)","BATERIJA LITHIUM 3V 48mAH(12X2,5mm)",12  - ima na lageru
BMS 3S/4S,"23,89 € (180,00 kn)",ELEKTRONIKA ZA LI-ION BATERIJE,0  - pošalji upit
BMS 20S LI-ION 50A,"0,00 € (0,00 kn)",BATTERY MANAGE SYSTEM 50A LI-ION,0  - pošalji upit
BATERIJA R20-VARTA,"3,00 € (22,60 kn)","BATERIJA 1.5V""""D""""-AMERIKANKA",20  - ima na lageru
BATERIJA R20-GP-ALKALNA,"2,11 € (15,90 kn)","BATERIJA 1.5V""""D""""-AMERIKANKA",1  - ima na lageru
BATERIJA R14-GP-ALKALNA,"2,65 € (19,97 kn)","BATERIJA 1.5V R14 """"C""""POLU AMERIKAN)",5  - ima na lageru
BATERIJA 9V-KARBON,"1,33 € (10,02 kn)",KARBON-ZINK BATERIJA,7  - ima na lageru
BATERIJA 4.5V-3R12-ZINK-VARTA,"2,68 € (20,19 kn)","BATERIJA ZINC-CLORID 4,5V,3LR12,3R12",5  - ima na lageru
BATERIJA 4.5V-3LR12-ALK-GP,"4,45 € (33,53 kn)","BATERIJA ALKALNA 4,5V",0  - pošalji upit
BATERIJA 1.5V AAAA-GP,"2,50 € (18,84 kn)",ALKALNA BATERIJA AAAA-NEPUNJIVA,0  - pošalji upit
BATERIJA 1.5V AAAA-ENERGIZER,"2,00 € (15,07 kn)",ALKALNA BATERIJA AAAA-NEPUNJIVA,5  - ima na lageru
BATERIJA 1.5V AAA-TECXUS,"0,66 € (4,97 kn)",BATERIJA ALKALNA 1.5V AAA (LR03),60  - ima na lageru
BATERIJA 1.5V AAA-IND-VARTA,"0,86 € (6,48 kn)",INDUSTRIJSKA ALKALNA BATERIJA,190  - ima na lageru
BATERIJA 1.5V AAA-GP ULTRA,"0,66 € (4,97 kn)",BATERIJA 1.5V AAA ALKALNA GP ULTRA,8  - ima na lageru
BATERIJA 1.5V AA-TECXUS,"0,66 € (4,97 kn)",BATERIJA 1.5V AA(LR6),42  - ima na lageru
BATERIJA 1.5V AA-PANASONIC,"0,53 € (3,99 kn)",BATERIJA 1.5V AA(LR6),0  - pošalji upit
BATERIJA 1.5V AA-IND-VARTA,"0,86 € (6,48 kn)",INDUSTRIJSKA  ALKALNA BATERIJA,2  - ima na lageru
BAT.H.SN-KEYS3012-KEYSTONE,"1,07 € (8,06 kn)","BAT.HOLDER ZA:BR1616,CR1612,CR1616,CR162",2  - ima na lageru
BAT.H.SN-KEYS3003-KEYSTONE,"1,06 € (7,99 kn)","BAT.HOLDER ZA: 2016,2020,2025,2032 PCB (",14  - ima na lageru
BAT.H.SN-KEYS3002-KEYSTONE,"1,06 € (7,99 kn)","BAT.HOLDER ZA: 2016,2020,2025,2032 - SMD",7  - ima na lageru
BAT.H.SN-KEYS1049,"9,50 € (71,58 kn)",KUČIŠTE BATERIJE 18650(2BATERIJE),3  - ima na lageru
BAT.H.SN-BH431-1A,"1,46 € (11,00 kn)",KUČIŠTE BATERIJA 3xAAA,12  - ima na lageru
BAT.H.SN-BH1060-KEYSTONE,"2,24 € (16,88 kn)","BAT.HOLDER ZA: 2032,CR2016,CR2020,CR2025",0  - pošalji upit
BAT.H.SN-BH-322-1A,"0,66 € (4,97 kn)",NOSAČ BATERIJA 2xAA ŽICA 150mm,8  - ima na lageru
BAT.H.SN-BH-321A,"0,66 € (4,97 kn)",KUČIŠTE BATERIJA 2XAA ŽICA 150mm,0  - pošalji upit
BAT.H.SN-383B,"2,03 € (15,30 kn)",KUČIŠTE BATERIJA 8xAA(DUPLO(2X4kom),23  - ima na lageru
BAT.H.SN-33,"2,65 € (19,97 kn)",ZATVORENO KUČIŠTE BATERIJE 4xAAA,4  - ima na lageru
BAT.H.SN-31-COMF,"1,59 € (11,98 kn)",KUĆIŠTE BATERIJA 6XAA,7  - ima na lageru
BAT.H.SN-30,"0,73 € (5,50 kn)",KUĆIŠTE BATERIJE 3XAA ŽICE150mm,185  - ima na lageru
BAT.H.SN-29,"2,39 € (18,01 kn)",KUĆIŠTE BATERIJE 8XAA 15CM + ŽICA,19  - ima na lageru
BAT.H.SN-28,"1,33 € (10,02 kn)","KUČIŠTE BATERIJA 3XAA,R6",29  - ima na lageru
BAT.H.SN-243B,"1,99 € (14,99 kn)",KUĆIŠTE ZA 4 X R14 BATERIJE,3  - ima na lageru
BAT.H.SN-24,"1,33 € (10,02 kn)",KUČIŠTE BATERIJE 1xAAA,27  - ima na lageru
BAT.H.SN-23,"2,09 € (15,75 kn)",KUČIŠTE BATERIJA 4 xAAA,39  - ima na lageru
BAT.H.SN-221A,"1,99 € (14,99 kn)","BAT.HOLDER """"C""""2xBATERIJA R14",9  - ima na lageru
BAT.H.SN-22,"0,93 € (7,01 kn)",KUČIŠTE BATERIJA 4xAA(R6),10  - ima na lageru
BAT.H.SN-21,"0,93 € (7,01 kn)",BAT.KUČIŠTE 2xAAA SA ŽICAMA,1  - ima na lageru
BAT.H.SN-20,"1,10 € (8,29 kn)",BAT.KUČIŠTE 2xAAA,20  - ima na lageru
BAT.H.SN-19,"0,93 € (7,01 kn)",BAT.HOLDER 2XAA,9  - ima na lageru
BAT.H.SN-18650 SPC,"2,65 € (19,97 kn)",SPACER ZA 18650 BATERIJE(42X22X8mm),8  - ima na lageru
BAT.H.SN-18,"1,06 € (7,99 kn)",KUČIŠTE BATERIJE 4XAA,10  - ima na lageru
BAT.H.SN-16,"0,66 € (4,97 kn)",BAT.HOLDER 4XAA,5  - ima na lageru
BAT.H.SN-15,"0,66 € (4,97 kn)",KUČIŠTE BATERIJE 2XAA,4  - ima na lageru
BAT.H.SN-14,"1,33 € (10,02 kn)",BAT.HOLDER 2 X R14,2  - ima na lageru
BAT.H.SN-13,"0,67 € (5,05 kn)",KUČIŠTE BATERIJA 4xAA,0  - pošalji upit
BAT.H.SN-121-1A,"1,99 € (14,99 kn)","KUČIŠTE BAT.2X """"D"""" R20",8  - ima na lageru
BAT.H.SN-12,"0,66 € (4,97 kn)",KUČIŠTE BATERIJA 1XAA,9  - ima na lageru
BAT.H.SN-11,"0,66 € (4,97 kn)",BAT.HOLDER 2XAA,27  - ima na lageru
BAT.H.SN-10,"0,66 € (4,97 kn)",KUČIŠTE BATERIJE 2xAA,1  - ima na lageru
BAT.H.SN-09,"0,66 € (4,97 kn)",KUČIŠTE BATERIJE 1xAA,8  - ima na lageru
BAT.H.SBH-421-1AS,"2,14 € (16,12 kn)",KUČIŠTE BATERIJE 2xAAA+PREKIDAĆ,13  - ima na lageru
BAT.H.DS1092-12-N8S,"1,99 € (14,99 kn)","HORIZONTALNO  KUČIŠTE CR1220,DS1220",8  - ima na lageru
BAT.H.CR2450V-COMF,"2,05 € (15,45 kn)",VERTIKALNO KUČIŠTE BATERIJE CR2450,4  - ima na lageru
BAT.H.CR2450-HORIZONT,"1,84 € (13,86 kn)",(2 PIN)HORIZONTALNO KUČIŠTE BAT.CR2450,12  - ima na lageru
BAT.H.CR2032/H,"1,75 € (13,19 kn)",HORIZONTALNO KUĆIŠTE BAT.CR2032,27  - ima na lageru
BAT.H.CR2012-2032-VERT,"1,33 € (10,02 kn)",VERTIKALNO KUČIŠTE DUGMASTE BATERIJE,131  - ima na lageru
BAT.H.CR123-BULGIN,"3,98 € (29,99 kn)",KUČIŠTE BATERIJE 1X CR123A,6  - ima na lageru
BAT.H-9V-BH,"1,06 € (7,99 kn)",KUĆIŠTE BATERIJE ZA UGRADNJU 9V 6F22,7  - ima na lageru
BAT.H-9V-02(T),"0,53 € (3,99 kn)",KUČIŠTE BATERIJE 9V.(T)        0,27  - ima na lageru
BAT.H-9V-01(I),"0,53 € (3,99 kn)",KUĆIŠTE BATERIJE 9V. (I)     0,1  - ima na lageru
BAT.H-2430/30,"2,65 € (19,97 kn)",KUČIŠTE BATERIJE CR2430-CH030,13  - ima na lageru
BAT.H-18650-1043,"3,98 € (29,99 kn)",KUČIŠTE 1BAT-18650 ZA ŠTAMPU(PCB),2  - ima na lageru
BAT.H-18650(3XAAA),"1,33 € (10,02 kn)",ZAMJENSKO KUČIŠTE ZA BAT.18650,2  - ima na lageru
BAT.H-1066,"1,45 € (10,93 kn)","BAT. HOLDER ZA CR2012, CR2016, CR2020, C",1  - ima na lageru
BAT-WAP-WA3019,"0,00 € (0,00 kn)",ACCU LI-ION 3.7V 140mAH,0  - pošalji upit
BAT-ZA312-RENATA,"4,78 € (36,01 kn)",SET BATERIJA (6kom)(Zn02) 1.4V 165mAh,0  - pošalji upit
BAT-ZA13-RENATA,"4,78 € (36,01 kn)",SET BATERIJA (6kom)(Zn02) 1.4V 305mAh,0  - pošalji upit
BAT-ZA10-RENATA,"4,78 € (36,01 kn)",SET BATERIJA (6kom)(Zn02) 1.4V 105mAh,4  - ima na lageru
BAT-TESTER4,"11,98 € (90,26 kn)",TESTER BATERIJA/ŽARULJICA/OSIGURAČA,1  - ima na lageru
BAT-SR920SW-MAXELL,"2,26 € (17,03 kn)","SILVER OXID BATERIJA 1,55V",2  - ima na lageru
BAT-SR726SW-MAXELL,"1,19 € (8,97 kn)","SILVER OXID BATERIJA 1,55V",18  - ima na lageru
BAT-SR721SW-MAXELL,"1,59 € (11,98 kn)","SILVER OXID BATERIJE 1,55V",3  - ima na lageru
BAT-SR626SW-MAXEL,"1,39 € (10,47 kn)","SILVER OXID BATERIJE 1,55V",0  - pošalji upit
BAT-SR621SW-MAXELL,"1,33 € (10,02 kn)",BATERIJA DUGMASTA 1.55V 6.8x2.15MM,30  - ima na lageru
BAT-SR527SW-MAXELL,"1,59 € (11,98 kn)","SILVER OXID BATERIJE 1,55V 16mAH(5,8X2,7",10  - ima na lageru
BAT-SR521SW-MAXELL,"1,59 € (11,98 kn)","SILVER OXID BATERIJA 1,55V",0  - pošalji upit
BAT-SR516SW-MAXELL,"1,59 € (11,98 kn)","SILVER OXID BATERIJA 1,55V",0  - pošalji upit
BAT-SR1120SW-MAXELL,"1,59 € (11,98 kn)","SILVER OXID BATERIJA 1,55V 40mAH(11,6X2,",2  - ima na lageru
BAT-R14-GP ULTRA,"1,59 € (11,98 kn)","BATERIJA ALKALNA 1.5V, C, LR14",0  - pošalji upit
BAT-PX625A-GP,"0,00 € (0,00 kn)",BATERIJA DUGMASTA ALKALNA 1.5V LR9 190mA,0  - pošalji upit
BAT-LSH14-SAFT,"25,75 € (194,01 kn)","BATERIJA LITIJEVA 3.6V""""C""""5800mAh(26x50mm",4  - ima na lageru
BAT-LS33600CNA-SAFT,"0,00 € (0,00 kn)","BATERIJA LITIJEVA 3.6V 17000MAH SIZE """"D""""",0  - pošalji upit
BAT-LR6(AA)-INDUSTRIAL-VARTA,"1,06 € (7,99 kn)",BATERIJA ALKALNA INDUSTRIJSKA 1.5V AA,0  - pošalji upit
BAT-LR6(AA)-INDUSTRIAL-DURACEL,"1,06 € (7,99 kn)",BATERIJA ALKALNA INDUSTRIJSKA 1.5V AA,0  - pošalji upit
BAT-LR6,"0,00 € (0,00 kn)",,0  - pošalji upit
BAT-LR41-MAXELL,"1,06 € (7,99 kn)","ALKALNABATERIJA 1,5V(7,9X3,6mm)",0  - pošalji upit
BAT-LR1N-TECXUS,"1,59 € (11,98 kn)","BATERIJA ALKALNA LR1 1.5V,N,R1",0  - pošalji upit
BAT-LR1N-GP,"2,44 € (18,38 kn)","BATERIJA ALKALNA 1.5V LR1,N1,R1",1  - ima na lageru
BAT-LR1130-B10-MATSUSHIMA,"0,91 € (6,86 kn)",BATERIJA DUGMASTA ALKALNA 1.5V(11.6X3.1),1  - ima na lageru
BAT-LR1120-MAXELL,"0,73 € (5,50 kn)","BATERIJA ALKALNA 1,55V=V391=SR55=A610",13  - ima na lageru
BAT-LR1-VARTA,"1,73 € (13,03 kn)",BATERIJA 1.5V,0  - pošalji upit
BAT-LR03(AAA)-INDUSTRIAL-DURAC,"1,06 € (7,99 kn)",BATERIJA  ALKALna. 1.5V(AAA),0  - pošalji upit
BAT-LIPO-3.7V 620MA,"26,54 € (199,97 kn)",BATERIJA LI-POLYMER(8.5X20X40),0  - pošalji upit
BAT-LIPO-3.7V 300MA,"17,25 € (129,97 kn)",BATERIJA LI-POLYMER(7.5X20X30),0  - pošalji upit
BAT-LIPO-190MAH,"15,93 € (120,02 kn)",BATERIJA LI-POLYMER 4X20X30MM 190MAH,0  - pošalji upit
BAT-LEAD-FP1226,"15,26 € (114,98 kn)","OLOVNA BATERIJA 12V  2,2Ah(70X100X45)",1  - ima na lageru
BAT-LEAD-27-FIAMM,"86,40 € (650,98 kn)",ACCU OLOVNA 12V 27AH (166x175x125) M5 NA,1  - ima na lageru
BAT-LEAD-10,"26,28 € (198,01 kn)",ACCU-OLOVNA-12V 9AH(150X65X101),1  - ima na lageru
BAT-LEAD-09-FIAMM,"18,32 € (138,03 kn)",ACCU-OLOVNA 6V 7.2AH(15x9X3.5),1  - ima na lageru
BAT-LEAD-05-FIAMM,"13,76 € (103,67 kn)",ACCU-OLOVNA-6V 3.3AH(133x34x65),1  - ima na lageru
BAT-HP-ELITEBOOK8460P,"53,09 € (400,01 kn)",BATERIJA ZA HP ELITEBOOK LI-ION 10.8V 4.,0  - pošalji upit
BAT-GP476A-GP,"5,97 € (44,98 kn)",BATERIJA ALKALNA 476A V28PX 6V 105mAH,8  - ima na lageru
BAT-GP23A,"1,59 € (11,98 kn)","BATERIJA 12V 33MAH ALKALNA(28,5X10,5mm)",0  - pošalji upit
BAT-CR2320-MATSUSHIMA,"1,06 € (7,99 kn)","LITHIUM BATERIJA 3V 135mAH(23X2,00mm)",7  - ima na lageru
BAT-CR2/3AA-VARTA,"8,75 € (65,93 kn)",BATERIJA NOSIĆ-LITIJEVA 3V 1350mA(14.8x3,10  - ima na lageru
BAT-CR2/3AA-CD(3V)-VARTA,"9,88 € (74,44 kn)","BAT.LITHIUM 3V+IZVODI AXIAL(14,8X33,5mm)",2  - ima na lageru
BAT-CGA103450/3S1P-PANASONIC,"0,00 € (0,00 kn)",BATERIJA Li-Ion 11.1V 1850mAh 3.5A,0  - pošalji upit
BAT-BR2330V/3-PANASONIC,"3,41 € (25,69 kn)",VERTIKALNA BATERIJA 3V 255mAh 3PIN,5  - ima na lageru
BAT-BR2330-PANASONIC,"3,72 € (28,03 kn)",BATERIJA LITIJUM 3V BR2330 255mAh=CR2330,4  - ima na lageru
BAT-BR-C3V-PANASONIC,"19,91 € (150,01 kn)","BATERIJA LITHIUM 3V 5000mAh """"C""""",0  - pošalji upit
BAT-BP120-FLUKE,"0,00 € (0,00 kn)",BATERIJA ZA FLUKE 123 I 43B ORIGINAL,0  - pošalji upit
BAT-AG13-GP,"1,06 € (7,99 kn)",BATERIJA ALKALNA 1.5V GP13A,6  - ima na lageru
BAT-AG12-GP,"1,33 € (10,02 kn)","BATERIJA ALKALNA 1.5V LR43,R1124(11.6x4.",7  - ima na lageru
BAT-AG10-GP,"1,06 € (7,99 kn)","BATERIJA DUGMASTA 1,5V,LR1130(11.6X3)",68  - ima na lageru
BAT-6V 7.2AH-LEOCH,"20,70 € (155,96 kn)",ACCU-OLOVNA 6V 7.2Ah( 150x30x90mm),4  - ima na lageru
BAT-6V 5AH-AGM,"9,90 € (74,59 kn)",ACCU-DUBOKO PRAŽNJENJE(70X47X100)Pb,45  - ima na lageru
BAT-6V 5.0AH-LEOCH70X35X115),"20,49 € (154,38 kn)",ACCU-OLOVNA 6V 5AH(70x35x117),1  - ima na lageru
BAT-6V 4.5AH-QOLTEC,"10,62 € (80,02 kn)",ACCU-OLOVNA 6V 4.5AH(70x46x100mm),0  - pošalji upit
BAT-6V 4.5A-ULTRACELL,"11,15 € (84,01 kn)",ACCU-OLOVNA 6V 4.5AH(70X47X101),0  - pošalji upit
BAT-6V 4.0AH-GOOBAY,"11,25 € (84,76 kn)",ACCU-OLOVNA 6V 4.5AH(70X47X101),0  - pošalji upit
BAT-6V 3.4AH-AGM,"15,43 € (116,26 kn)",ACCU-DUBOKO PRAŽNJENJE(134x34x60)Pb,58  - ima na lageru
BAT-6V 3.2AH-LEOCH,"14,15 € (106,61 kn)",ACCU-OLOVNA-6V 3.2AH (134x34x60),0  - pošalji upit
BAT-6V 2.8AH-LEOCH,"16,00 € (120,55 kn)",OLOVNI AKUMULATOR 6V 2.8Ah(90x35x65),0  - pošalji upit
BAT-6V 14AH-AGM,"23,00 € (173,29 kn)",ACCU-OLOVNA-6V 14AH(151x50x94),5  - ima na lageru
BAT-6V 12AH-FIAMM,"24,89 € (187,53 kn)",ACCU-OLOVNA-6V 12AH (151x50x94),0  - pošalji upit
BAT-6V 1.3AH-QOLTEC,"6,13 € (46,19 kn)",ACCU-OLOVNA 6V 1.3Ah( 97x24x50.5mm),0  - pošalji upit
BAT-6V 1.3AH-AGM,"14,14 € (106,54 kn)",AGM-ACCU-OLOVNA 6V 1.3Ah( 97x24x50.5mm),72  - ima na lageru
BAT-6V 1.2AH-FIAMM,"10,55 € (79,49 kn)",FIAMM-ACCU-OLOVNA 6V 1.2Ah( 97x24x50.5mm,0  - pošalji upit
BAT-4V 4.5AH-LEOCH,"18,26 € (137,58 kn)",ACCU OLOVNA 4V 4.5Ah (45x55x90),1  - ima na lageru
BAT-4V 4.5A-ULTRACELL,"17,09 € (128,76 kn)",ACCU-4V 4.5Ah(65X33X115)OLOVNA,4  - ima na lageru
BAT-4V 3.5AH,"19,64 € (147,98 kn)",ACCU 4V 3.5Ah (9.1X3.4X6.0),6  - ima na lageru
BAT-4R25-GP,"5,97 € (44,98 kn)",BATERIJA 6V ZINC CHLORIDE 4R25,1  - ima na lageru
BAT-4LR44-GP,"3,32 € (25,01 kn)",BAT.ALKALNA 6V(13X25mm),5  - ima na lageru
BAT-4LR44-GOOBAY,"2,65 € (19,97 kn)",BAT.ALKALNA 6V(13X25mm),0  - pošalji upit
BAT-395-RENATA,"1,59 € (11,98 kn)",BATERIJA SILVER OXID 1.55V (9.5x2.7mm),1  - ima na lageru
BAT-394-RENATA,"1,73 € (13,03 kn)",BATERIJA SILVER 394 1.55V 0.08Ah,0  - pošalji upit
BAT-394-GP,"1,73 € (13,03 kn)",BATERIJA SILVER 394 1.55V 0.08Ah,0  - pošalji upit
BAT-392-RENATA,"1,59 € (11,98 kn)",BATERIJA SILVER 392 1.55V 45mAh,46  - ima na lageru
BAT-392-GP,"1,59 € (11,98 kn)","BATERIJA SILVER OXID 1.55V 38MAH(7,9X3,6",0  - pošalji upit
BAT-386-RENATA,"2,39 € (18,01 kn)",BATERIJA SILVER 1.55V 130mAh (11.6x4.2),9  - ima na lageru
BAT-386-GP,"2,12 € (15,97 kn)",BATERIJA SILVER 1.55V (11.6x4.2),9  - ima na lageru
BAT-377-RENATA,"1,59 € (11,98 kn)","BATERIJA SILVER OXID 1,55V 27mAh(9,5X2,1",0  - pošalji upit
BAT-377-GP,"1,59 € (11,98 kn)","BATERIJA SILVER OXID 1,55V 27mAh(9,5X2,1",0  - pošalji upit
BAT-373-RENATA,"1,99 € (14,99 kn)","BATTERY SILVER OXID 1,55V 22MAH(7,9X2,6m",15  - ima na lageru
BAT-371-RENATA,"1,99 € (14,99 kn)","BATERIJA SILVER OXID1,55V 32mAH(9,5X2,1m",0  - pošalji upit
BAT-364-GP,"1,33 € (10,02 kn)","BATERRY SILVER OXID1.55V 16MAH(6,8X2,15)",0  - pošalji upit
BAT-362-RENATA,"1,59 € (11,98 kn)","BATTERY SILVER OXID1.55V 18mA(7,9X2,1)",10  - ima na lageru
BAT-357-RENATA,"1,99 € (14,99 kn)","BATERIJA SILVER OXID 1.55V 155mAh(11,6X5",0  - pošalji upit
BAT-34615W-3.6V/19AH-EVE,"18,42 € (138,79 kn)","BATERIJA LITIJ.3,6V 19Ah(D)-IZVODI(32X61",0  - pošalji upit
BAT-34615-3.6V 19AH-EVE,"18,42 € (138,79 kn)","BATERIJA LITH.3,6V 19000mA(32.9X61.5)-IZ",2  - ima na lageru
BAT-34615-3.6V 13AH-EVE,"15,12 € (113,92 kn)","BATERIJA LITHIUM 3,6V 13000mAh(32.9X61.5",2  - ima na lageru
BAT-337-MAXELL,"2,65 € (19,97 kn)",BATERIJA SILVER OXIDE 1.55V SR416SW,0  - pošalji upit
BAT-317-RENATA,"1,33 € (10,02 kn)","BATTERY SILVER 1.55V 10.5mAh(5,8X1.6mm)",0  - pošalji upit
BAT-2V 8AH-ENERSYS,"29,86 € (224,98 kn)",ACCU-OLOVNA 2V 8AH(44x100MM),0  - pošalji upit
BAT-27A-TECXUS,"1,59 € (11,98 kn)","BATERIJA ALKALNA 12v,27A,(8x22mm)",33  - ima na lageru
BAT-27A-GP,"1,59 € (11,98 kn)",BATERIJA ALKALNA 12V 8LR50 MN27,0  - pošalji upit
BAT-26500ER/S-EVE,"16,59 € (125,00 kn)","BATERIJA LITHIUM 3,6V 8500mA(26X50mm)",0  - pošalji upit
BAT-26500ER/M-EVE,"15,98 € (120,40 kn)","BATERIJA LITHIUM """"C""""3,6V 6000mA(26X50mm)",2  - ima na lageru
BAT-2/3AA-W-EVE-3.6V,"0,00 € (0,00 kn)","BAT LITHIUM 3,6V IZVODI (14,5X35,5mm)",0  - pošalji upit
BAT-17500W-SAFT,"0,00 € (0,00 kn)",LITHIUM 3.6V 3600mAh(17x50mm)(RT3),0  - pošalji upit
BAT-17500-SAFT,"17,22 € (129,74 kn)",BATERIJA LITHIUM 3.6V 3600mAh(17x50mm),20  - ima na lageru
BAT-17500-PUNJIVA-KEEP,"15,33 € (115,50 kn)",ACCU-PUNJIVA-LI-ION 3.7V 1200mA(17X53mm),2  - ima na lageru
BAT-14505W-EVA BATTERY,"5,94 € (44,75 kn)","BAT.LITHIUM AA-3,6V 2400mA + IZVODI (14,",20  - ima na lageru
BAT-14500W-3V 2AH-VARTA,"13,27 € (99,98 kn)",LITHIUM BATERIJA 3V 2Ah(14.7X50mm),11  - ima na lageru
BAT-14500W-3.6V-TEKCELL,"7,00 € (52,74 kn)","BATERIJA LITHIUM 3.6V 2400mA;AA(14,3X49.",32  - ima na lageru
BAT-14500W-3.6V-SAFT,"11,00 € (82,88 kn)","BAT.LITHIUM(AA)3.6V 2400mA,(14,5X50mm)+I",8  - ima na lageru
BAT-14500LS-SAFT,"8,05 € (60,65 kn)","BAT.LITHIUM(AA) 3,6V 2600mAH(14,5X50mm)",40  - ima na lageru
BAT-14500LS-PF-TEKCELL,"9,06 € (68,26 kn)","BAT.LITHIUM(AA) 3,6V 2+1pin(14,5X50mm)",11  - ima na lageru
BAT-14500LS-PF-SAFT,"9,06 € (68,26 kn)","BAT.LITHIUM(AA) 3,6V 2+1pin(14,5X50mm)",0  - pošalji upit
BAT-14335-EVE-3.6V,"8,45 € (63,67 kn)","(2/3AA)LITHIJEVA 3,6V NOSIĆ (14,5X35,5mm",24  - ima na lageru
BAT-14250W-ER/CNA-EVE,"6,79 € (51,16 kn)",BAT.LITIJEVA 3.6V 1200mAH +IZVODI,28  - ima na lageru
BAT-14250W-3V-FDK,"6,55 € (49,35 kn)",(2 ŽICE)LITHIUM 3V 850mA 1/2AA(14.5x25),0  - pošalji upit
BAT-14250W-3.6V-SAFT,"10,00 € (75,35 kn)","(2 ŽICE)LITHIUM 3,6V;1100mAh,AA;14,5X25m",8  - ima na lageru
BAT-14250CR-3V/H3-FDK,"6,26 € (47,17 kn)","(3PIN PCB)BATERIJA CR1/2AA LITHIUM 3,0V",1  - ima na lageru
BAT-14250CR-3V-GP,"7,33 € (55,23 kn)","BATERIJA CR1/2AA LITHIUM 3,0V 800mA",6  - ima na lageru
BAT-14250CR-3V-FDK,"5,76 € (43,40 kn)","BATERIJA CR1/2AA LITHIUM 3,0V 850mA(14.5",28  - ima na lageru
BAT-14250/3.6-LS-SAFT(FRANCE),"8,10 € (61,03 kn)","LITHIUM NOSIĆ-3,6V;1100mAh CR1/2AA(14.5X",7  - ima na lageru
BAT-12V 9AH-VRLA,"27,16 € (204,64 kn)",ACCU-OLOVNA 12V 9.0AH (150x65x95),26  - ima na lageru
BAT-12V 7.2AH-VRLA,"22,00 € (165,76 kn)",ACCU-OLOVNA-12V 7.2AH 6.4mm(150x90x65),9  - ima na lageru
BAT-12V 7.2AH-AGM,"21,90 € (165,01 kn)",ACCU-OLOVNA-DUBOKO PRAŽNJENJE(150x90x65m,90  - ima na lageru
BAT-12V 6AH-MULTIPOWER,"19,91 € (150,01 kn)",ACCU-OLOVNA-12V 6.0AH(151x51x102),0  - pošalji upit
BAT-12V 5AH-AGM,"22,43 € (169,00 kn)",ACCU-DUBOKO PRAŽNJENJE(90X70X107)Pb,28  - ima na lageru
BAT-12V 33AH-LEOCH,"0,00 € (0,00 kn)",ACCU-OLOVNA-12V 33Ah(195x130x164mm),0  - pošalji upit
BAT-12V 3.4AH-ULTRACELL,"15,53 € (117,01 kn)",ACCU OLOVNA 12V 3.4AH(134X67X61),3  - ima na lageru
BAT-12V 3.4AH-AGM,"16,96 € (127,79 kn)",ACCU OLOVNA 12V 3.4AH(134X67X60),35  - ima na lageru
BAT-12V 3.2AH-LEOCH,"19,91 € (150,01 kn)",ACCU-OLOVNA-12V 3.2AH (134x67x60),0  - pošalji upit
BAT-12V 28AH-ULTRACELL,"65,11 € (490,57 kn)",ACCU-OLOVNA-12V 28AH(165x125x175),0  - pošalji upit
BAT-12V 27AH-FIAMM,"104,52 € (787,51 kn)",ACCU-OLOVNI AKUMULATOR 12V 27Ah,1  - ima na lageru
BAT-12V 26AH-HQ,"70,96 € (534,65 kn)",BATERIJA OLOVNA 12V 26Ah(167X177X126),2  - ima na lageru
BAT-12V 2.4AH-ULTRACELL,"16,59 € (125,00 kn)",ACCU-OLOVNA-12V 2.4AH(179x60x35),5  - ima na lageru
BAT-12V 2.3AH-AGM,"14,33 € (107,97 kn)",ACCU-DUBOKO PRAŽNJENJE(179x60x35)Pb,10  - ima na lageru
BAT-12V 2.2AH-LEOCH,"17,25 € (129,97 kn)",ACCU-OLOVNA 12V 2.2AH(70X100X45),0  - pošalji upit
BAT-12V 18AH-VRLA,"48,44 € (364,97 kn)",ACCU-OLOVNA-12V 18AH(181x76x167mm),5  - ima na lageru
BAT-12V 18AH-LEOCH,"64,06 € (482,66 kn)",ACCU-OLOVNA-12V 18AH(181x76x167mm),0  - pošalji upit
BAT-12V 12AH-VRLA,"48,14 € (362,71 kn)",ACCU-OLOVNA 12V 12Ah(151X98.5X96mm),23  - ima na lageru
BAT-12V 12AH-LEOCH,"37,83 € (285,03 kn)",ACCU-OLOVNA-12V 12AH(151x99x95 FAST. 6.3,0  - pošalji upit
BAT-12V 12AH-FIAMM,"49,77 € (374,99 kn)",ACCU-OLOVNA-12V 12AH(151x99x95),1  - ima na lageru
BAT-12V 1.3AH-LEOCH,"12,44 € (93,73 kn)",ACCU-OLOVNA-12V 1.3AH(97X43X53),0  - pošalji upit
BAT-12V 1.3AH-AGM,"14,36 € (108,20 kn)",ACCU-DUBOKO PRAŽNJENJE(97X43X53)Pb,50  - ima na lageru
BAT-12V 0.8A+ŽICA+KON,"14,94 € (112,57 kn)","BATERIJA 12V 0,8A+IZVODI",13  - ima na lageru
BAT-12.8V 100A,"0,00 € (0,00 kn)",BATERIJA LiFePO4 12.8V 100Ah 1280W,0  - pošalji upit
BAT-103450MOLI-2,"0,00 € (0,00 kn)",PUNJIVA BAT Li-Ion 3.7V 2000mA(33.9x48.7,0  - pošalji upit
ALKR-CHARGER1,"26,36 € (198,61 kn)",PUNJAČ ALKALNIH BATERIJA,3  - ima na lageru
ADAPTER ACCU ZA SAMSUNG,"5,04 € (37,97 kn)",ADAPTER ZA BATERIJU SAMS. BP-70A,1  - ima na lageru
ACCU-T192,"19,24 € (144,96 kn)",NIMH 3V6 550mAh,2  - ima na lageru
ACCU-T169,"12,75 € (96,06 kn)",ACCU NIMH 3.6V 1300mAh,3  - ima na lageru
ACCU-T122,"13,01 € (98,02 kn)",ACCU 3V6 180mAh,0  - pošalji upit
ACCU-T0427,"8,23 € (62,01 kn)","ACCU 3,6V 350mA 30X30X10-ŽICE",2  - ima na lageru
ACCU-T0367,"4,65 € (35,04 kn)",NIMH 2.4V 300MAH XALIO 20,2  - ima na lageru
ACCU-P25AANM,"2,65 € (19,97 kn)","BATERIJA-NIMH 1V2 600MAH(14,5X28)",5  - ima na lageru
ACCU-LIPO-9X37X59MM/CL,"20,21 € (152,27 kn)",ACCU LI-POLYMER 3.7V 2200mA SA PRIKLJUČK,6  - ima na lageru
ACCU-LIPO-9.3X34.5X40.5MM/CL,"12,50 € (94,18 kn)",ACCU LI-POLYMER 3.7V 1200mA SA PRIKLJUČK,1  - ima na lageru
ACCU-LIPO-8X30X40MM/CL,"14,40 € (108,50 kn)",ACCU LI-POLYMER 3.7V 1000mA SA PRIKLJUČK,5  - ima na lageru
ACCU-LIPO-8.5X20X40MM/CL,"9,73 € (73,31 kn)",ACCU LI-POLYMER 3.7V 620mA SA PRIKLJUČKO,4  - ima na lageru
ACCU-LIPO-7X30X48MM/CL,"13,36 € (100,66 kn)",ACCU LI-POLYMER 3.7V 1000mA+KONEKTOR,4  - ima na lageru
ACCU-LIPO-6X17X3/CL,"9,40 € (70,82 kn)",ACCU LI-POLYMER 3.7V 250mA SA PRIKLJUČKO,9  - ima na lageru
ACCU-LIPO-5X4X48MM/CL,"10,49 € (79,04 kn)",ACCU LI-POLYMER 3.7V 800mA SA PRIKLJUČKO,2  - ima na lageru
ACCU-LIPO-5.8X40X70MM/CL,"13,78 € (103,83 kn)",ACCU LI-POLYMER 3.7V 1500mA SA PRIKLJUČK,3  - ima na lageru
ACCU-LIPO-4X12X30MM/CL,"9,95 € (74,97 kn)",ACCU LI-POLYMER 3.7V 110mA SA PRIKLJUČKO,0  - pošalji upit
ACCU-CR123-PUNJIVA-XTAR,"8,83 € (66,53 kn)",BAT. PUNJIVA LI-ION 3.7V 650mAmAh(16X34m,6  - ima na lageru
ACCU-CHARGER7,"9,95 € (74,97 kn)",KUČNI PUNJAČ ZA BATERIJE 9V,2  - ima na lageru
ACCU-CHARGER-BAT1,"18,58 € (139,99 kn)",UNIV. PUNJAČ NI-MH BATERIJA 4 x AA/AAA,0  - pošalji upit
ACCU-280/6,"7,96 € (59,97 kn)",ACCU- 7.2V 280mAh,4  - ima na lageru
ACCU-280/5,"6,62 € (49,88 kn)",ACCU- 4.8V  280mAh,3  - ima na lageru
ACCU-280/3,"6,63 € (49,95 kn)",ACCU 3V6 280mAh=6111=6131KENIG,4  - ima na lageru
ACCU-280/2,"5,71 € (43,02 kn)",ACCU 3.6V 280mAh=6100-KENIG,0  - pošalji upit
ACCU-26650-5.2-KEEPOWER,"16,52 € (124,47 kn)",BAT. PUNJIVA LI-Ion 3.6V 5200mAh-7A(26.5,0  - pošalji upit
ACCU-18650W-1.2A/DIV,"3,98 € (29,99 kn)",BAT. PUNJIVA Li-Ion 3.6V 1200mAh(26.5x69,16  - ima na lageru
ACCU-18650X2-PCB-BP,"18,79 € (141,57 kn)",BAT.PUNJIVA 7.2V LI-ION (2X3.6V 4400mAh),0  - pošalji upit
ACCU-18650-6-JOMI,"7,57 € (57,04 kn)",BAT. PUNJIVA 3.7V 18650 6000mAH+NOSIĆ,15  - ima na lageru
ACCU-18650-3A-5A-XTAR,"10,22 € (77,00 kn)",BAT. PUNJIVA 3.7V 18650 3000mAH+NOSIĆ,18  - ima na lageru
ACCU-18650-3A-20A-LG,"19,49 € (146,85 kn)",BAT. PUNJIVA 3.6V 3AH STRUJA PRAŽNJENJA2,7  - ima na lageru
ACCU-18650-3.35A-LG,"14,39 € (108,42 kn)",BAT. PUNJIVA LI-ION 3.6V 3350mAh (18X65),0  - pošalji upit
ACCU-18650-3.2A-LG,"13,97 € (105,26 kn)",ACCU(PUNJIVA)LI-ION  3.6V 3Ah 10A(18X65),12  - ima na lageru
ACCU-18650-3.0-GP,"7,70 € (58,02 kn)",ACCU(PUNJIVA)LI-ION 3.6V 3000mAh (18X65),0  - pošalji upit
ACCU-18650-2.6-GP,"9,16 € (69,02 kn)",BAT. PUNJIVA LI-ION 3.6V 2600mAh (18X65),0  - pošalji upit
ACCU-18650-2.6-20A-PANASONIC,"9,29 € (70,00 kn)",BAT. PUNJIVA 3.6V 2600 mAh STRUJA PRAŽNJ,1  - ima na lageru
ACCU-18650-2.5-20A-SAMSUNG,"5,00 € (37,67 kn)",BAT. PUNJIVA 3.6V 2500 mAh STRUJA PRAŽNJ,8  - ima na lageru
ACCU-18650-2.5-20A-EVE,"5,00 € (37,67 kn)",ACCU(PUNJIVA)LI-ION 3.6V 2500mAh 20A STR,86  - ima na lageru
ACCU-18650-2.2-SWAT,"5,57 € (41,97 kn)",BAT. PUNJIVA LI-ION 3.6V 2200mAh (18X65),20  - ima na lageru
ACCU-18650-2.2-SAMSUNG,"12,61 € (95,01 kn)",ACCU(PUNJIVA)LI-ION 3.6V 2200mAh 10A STR,0  - pošalji upit
ACCU-14500-3.7V 800MA-1A-XTAR,"9,03 € (68,04 kn)",ACCU(.UNJIVA)LI-ION 3.7V 800mA(14.3X50.3,3  - ima na lageru
ACCU-14430-3.7V 600MA,"9,95 € (74,97 kn)",BAT. PUNJIVA LI-ION 3.7V 600mA,0  - pošalji upit
4LR61-DURACELL,"9,95 € (74,97 kn)",BATERIJA ALKALNA PLOSNATA.6V(9X35X48),2  - ima na lageru
2CR5-GP,"8,63 € (65,02 kn)",BATTERY 6V 1300MAH LITHIU,20  - ima na lageru
23AAA 40AAAM,"3,32 € (25,01 kn)",BATERIJA NIMH 1.2V 400mAh,10  - ima na lageru
